"Data Source","World Development Indicators",

"Last Updated Date","2023-12-18",

"Country Name","Country Code","Indicator Name","Indicator Code","1960","1961","1962","1963","1964","1965","1966","1967","1968","1969","1970","1971","1972","1973","1974","1975","1976","1977","1978","1979","1980","1981","1982","1983","1984","1985","1986","1987","1988","1989","1990","1991","1992","1993","1994","1995","1996","1997","1998","1999","2000","2001","2002","2003","2004","2005","2006","2007","2008","2009","2010","2011","2012","2013","2014","2015","2016","2017","2018","2019","2020","2021","2022",
"Aruba","ABW","Electricity production from nuclear sources (% of total)","EG.ELC.NUCL.ZS","","","","","","","","","","","","","","","","","","","","","","","","","","","","","","","","","","","","","","","","","","","","","","","","","","","","","","","","","","","","","","","",
"Africa Eastern and Southern","AFE","Electricity production from nuclear sources (% of total)","EG.ELC.NUCL.ZS","","","","","","","","","","","","0","0","0","0","0","0","0","0","0","0","0","0","0","2.22243643185797","2.86216592277928","4.58353835112378","3.13093328240117","5.09078116327145","5.21150072220268","3.86679076640677","4.1408296828317","4.25065047774514","3.20140371398905","4.14943405224159","4.67901966690434","4.60390022983511","4.76802304549919","5.10808624073304","4.8162051356146","4.6812610011623","3.78081009075094","4.0261818699978","4.06947230397412","4.09212952817245","3.39617204895909","2.90375713765746","3.15326790402171","3.67283768306481","3.66591015095212","3.30639793117875","3.60897890715266","3.21286201581089","3.73257405151658","3.58003778041762","","","","","","","","",
"Afghanistan","AFG","Electricity production from nuclear sources (% of total)","EG.ELC.NUCL.ZS","","","","","","","","","","","","","","","","","","","","","","","","","","","","","","","","","","","","","","","","","","","","","","","","","","","","","","","","","","","","","","","",
"Africa Western and Central","AFW","Electricity production from nuclear sources (% of total)","EG.ELC.NUCL.ZS","","","","","","","","","","","","0","0","0","0","0","0","0","0","0","0","0","0","0","0","0","0","0","0","0","0","0","0","0","0","0","0","0","0","0","0","0","0","0","0","0","0","0","0","0","0","0","0","0","0","","","","","","","","",
"Angola","AGO","Electricity production from nuclear sources (% of total)","EG.ELC.NUCL.ZS","","","","","","","","","","","","0","0","0","0","0","0","0","0","0","0","0","0","0","0","0","0","0","0","0","0","0","0","0","0","0","0","0","0","0","0","0","0","0","0","0","0","0","0","0","0","0","0","0","0","","","","","","","","",
"Albania","ALB","Electricity production from nuclear sources (% of total)","EG.ELC.NUCL.ZS","","","","","","","","","","","","0","0","0","0","0","0","0","0","0","0","0","0","0","0","0","0","0","0","0","0","0","0","0","0","0","0","0","0","0","0","0","0","0","0","0","0","0","0","0","0","0","0","0","0","","","","","","","","",
"Andorra","AND","Electricity production from nuclear sources (% of total)","EG.ELC.NUCL.ZS","","","","","","","","","","","","","","","","","","","","","","","","","","","","","","","","","","","","","","","","","","","","","","","","","","","","","","","","","","","","","","","",
"Arab World","ARB","Electricity production from nuclear sources (% of total)","EG.ELC.NUCL.ZS","","","","","","","","","","","","0","0","0","0","0","0","0","0","0","0","0","0","0","0","0","0","0","0","0","0","0","0","0","0","0","0","0","0","0","0","0","0","0","0","0","0","0","0","0","0","0","0","0","0","","","","","","","","",
"United Arab Emirates","ARE","Electricity production from nuclear sources (% of total)","EG.ELC.NUCL.ZS","","","","","","","","","","","","0","0","0","0","0","0","0","0","0","0","0","0","0","0","0","0","0","0","0","0","0","0","0","0","0","0","0","0","0","0","0","0","0","0","0","0","0","0","0","0","0","0","0","0","","","","","","","","",
"Argentina","ARG","Electricity production from nuclear sources (% of total)","EG.ELC.NUCL.ZS","","","","","","","","","","","","0","0","0","3.70661896243292","8.57785502504856","8.51204659782896","5.05044272359856","8.66184123945684","7.15177598894822","5.89331587165668","7.25044414119828","4.68836183121897","7.91805222891426","10.3211315215941","12.7383187893516","11.6543885068261","12.4233747766099","11.0975002871033","9.97604482191998","14.3496255419787","14.4639427111501","12.6715699432723","12.5860724957776","12.7660563969802","10.5439080802805","10.7037281519961","11.0113696091178","10.0699886504891","8.83094933326705","6.94747497469351","7.83332408589025","6.8925911453708","8.22123220688906","7.8560375380622","6.51524774625323","7.1966613330339","6.7188009123493","6.027762244663","6.69378849892141","5.72475511523754","4.91760256261819","4.71513784128529","4.46296322926703","4.16672699106716","","","","","","","","",
"Armenia","ARM","Electricity production from nuclear sources (% of total)","EG.ELC.NUCL.ZS","","","","","","","","","","","","","","","","","","","","","","","","","","","","","","","0","0","0","0","0","5.46664269016364","37.399420663019","26.6545032343672","25.6662897754805","36.3477348259577","33.6522322927157","34.5865970409051","41.348070302591","36.3206689692783","36.5008291873963","42.9950926072503","44.4369634741626","43.2858596134283","42.6516464471404","43.9781343678364","38.3608072716068","34.2934051144011","28.7580886012942","30.609597924773","31.8064516129032","","","","","","","","",
"American Samoa","ASM","Electricity production from nuclear sources (% of total)","EG.ELC.NUCL.ZS","","","","","","","","","","","","","","","","","","","","","","","","","","","","","","","","","","","","","","","","","","","","","","","","","","","","","","","","","","","","","","","",
"Antigua and Barbuda","ATG","Electricity production from nuclear sources (% of total)","EG.ELC.NUCL.ZS","","","","","","","","","","","","","","","","","","","","","","","","","","","","","","","","","","","","","","","","","","","","","","","","","","","","","","","","","","","","","","","",
"Australia","AUS","Electricity production from nuclear sources (% of total)","EG.ELC.NUCL.ZS","0","0","0","0","0","0","0","0","0","0","0","0","0","0","0","0","0","0","0","0","0","0","0","0","0","0","0","0","0","0","0","0","0","0","0","0","0","0","0","0","0","0","0","0","0","0","0","0","0","0","0","0","0","0","0","0","","","","","","","",
"Austria","AUT","Electricity production from nuclear sources (% of total)","EG.ELC.NUCL.ZS","0","0","0","0","0","0","0","0","0","0","0","0","0","0","0","0","0","0","0","0","0","0","0","0","0","0","0","0","0","0","0","0","0","0","0","0","0","0","0","0","0","0","0","0","0","0","0","0","0","0","0","0","0","0","0","0","","","","","","","",
"Azerbaijan","AZE","Electricity production from nuclear sources (% of total)","EG.ELC.NUCL.ZS","","","","","","","","","","","","","","","","","","","","","","","","","","","","","","","0","0","0","0","0","0","0","0","0","0","0","0","0","0","0","0","0","0","0","0","0","0","0","0","0","","","","","","","","",
"Burundi","BDI","Electricity production from nuclear sources (% of total)","EG.ELC.NUCL.ZS","","","","","","","","","","","","","","","","","","","","","","","","","","","","","","","","","","","","","","","","","","","","","","","","","","","","","","","","","","","","","","","",
"Belgium","BEL","Electricity production from nuclear sources (% of total)","EG.ELC.NUCL.ZS","0","0","0.0227985180963237","0.249840527322985","0.248163106418179","0","0.0264924055104203","0.396775146680174","0.230536659108088","0.0754328818789645","0.186744422238967","0","0.029681597409606","0.187122984119168","0.349766034882072","16.6201185751384","21.2974555949324","25.4731272269517","24.7493027947546","21.9766881803294","23.636774594564","25.6917943697429","31.3417903877706","46.4747729857911","51.6725647234122","61.5030484011447","68.3674354835911","67.3335793476343","66.7823554019925","61.6310540245525","60.7778979115689","60.2098727277836","60.8542220977454","59.8375863446937","56.9434126238769","56.2544208063551","57.6752109451942","60.8879927049486","56.2473347547974","58.7973514382362","58.179599627898","58.9546923096492","58.5132012997443","56.6998958844437","56.0881059357699","55.5309244070051","55.3006591738986","55.0989397678457","54.5182632832035","52.5822328129524","51.0950305329681","54.186981823084","49.3684223422894","51.9010758969865","47.1357444547006","37.5323517570599","","","","","","","",
"Benin","BEN","Electricity production from nuclear sources (% of total)","EG.ELC.NUCL.ZS","","","","","","","","","","","","","","0","0","0","0","0","0","0","0","0","0","0","0","0","0","0","0","0","0","0","0","0","0","0","0","0","0","0","0","0","0","0","0","0","0","0","0","0","0","0","0","0","0","","","","","","","","",
"Burkina Faso","BFA","Electricity production from nuclear sources (% of total)","EG.ELC.NUCL.ZS","","","","","","","","","","","","","","","","","","","","","","","","","","","","","","","","","","","","","","","","","","","","","","","","","","","","","","","","","","","","","","","",
"Bangladesh","BGD","Electricity production from nuclear sources (% of total)","EG.ELC.NUCL.ZS","","","","","","","","","","","","0","0","0","0","0","0","0","0","0","0","0","0","0","0","0","0","0","0","0","0","0","0","0","0","0","0","0","0","0","0","0","0","0","0","0","0","0","0","0","0","0","0","0","0","","","","","","","","",
"Bulgaria","BGR","Electricity production from nuclear sources (% of total)","EG.ELC.NUCL.ZS","","","","","","","","","","","","0","0","0","4.06910462159081","10.1200618140032","17.9803221969943","19.8047795355099","18.7666709005462","19.0929312901631","17.6977178125449","24.6646110570161","26.5602214587607","28.8829487900957","28.5077901146132","31.5406418139892","28.8617886178862","28.6062613576243","35.6056062726283","32.8595921313842","34.7998386369569","32.2646958053938","32.4403257511935","36.7739558386188","40.2145123646186","41.3051281437699","42.3307425788932","41.648483142113","40.7371694429043","41.5949919776954","44.7227279437091","44.9143198419626","47.9546586354905","40.8240408240408","40.5904504417516","42.4201764759392","42.8398751703222","34.1034538975709","35.3602189126144","35.9972629244237","33.1377534389465","32.6129980209104","33.888662272698","32.9030160904595","33.8120911202506","","","","","","","","",
"Bahrain","BHR","Electricity production from nuclear sources (% of total)","EG.ELC.NUCL.ZS","","","","","","","","","","","","0","0","0","0","0","0","0","0","0","0","0","0","0","0","0","0","0","0","0","0","0","0","0","0","0","0","0","0","0","0","0","0","0","0","0","0","0","0","0","0","0","0","0","0","","","","","","","","",
"Bahamas, The","BHS","Electricity production from nuclear sources (% of total)","EG.ELC.NUCL.ZS","","","","","","","","","","","","","","","","","","","","","","","","","","","","","","","","","","","","","","","","","","","","","","","","","","","","","","","","","","","","","","","",
"Bosnia and Herzegovina","BIH","Electricity production from nuclear sources (% of total)","EG.ELC.NUCL.ZS","","","","","","","","","","","","","","","","","","","","","","","","","","","","","","","0","0","0","0","0","0","0","0","0","0","0","0","0","0","0","0","0","0","0","0","0","0","0","0","0","","","","","","","","",
"Belarus","BLR","Electricity production from nuclear sources (% of total)","EG.ELC.NUCL.ZS","","","","","","","","","","","","","","","","","","","","","","","","","","","","","","","0","0","0","0","0","0","0","0","0","0","0","0","0","0","0","0","0","0","0","0","0","0","0","0","0","","","","","","","","",
"Belize","BLZ","Electricity production from nuclear sources (% of total)","EG.ELC.NUCL.ZS","","","","","","","","","","","","","","","","","","","","","","","","","","","","","","","","","","","","","","","","","","","","","","","","","","","","","","","","","","","","","","","",
"Bermuda","BMU","Electricity production from nuclear sources (% of total)","EG.ELC.NUCL.ZS","","","","","","","","","","","","","","","","","","","","","","","","","","","","","","","","","","","","","","","","","","","","","","","","","","","","","","","","","","","","","","","",
"Bolivia","BOL","Electricity production from nuclear sources (% of total)","EG.ELC.NUCL.ZS","","","","","","","","","","","","0","0","0","0","0","0","0","0","0","0","0","0","0","0","0","0","0","0","0","0","0","0","0","0","0","0","0","0","0","0","0","0","0","0","0","0","0","0","0","0","0","0","0","0","","","","","","","","",
"Brazil","BRA","Electricity production from nuclear sources (% of total)","EG.ELC.NUCL.ZS","","","","","","","","","","","","0","0","0","0","0","0","0","0","0","0","0","0","0","0.915881598751324","1.74564492312141","0.0712419852766564","0.478530081492738","0.282860426058517","0.826099321515147","1.00394487054631","0.615248083216357","0.727665348402363","0.175413531447439","0.0211505108809765","0.914002489105627","0.833224617032526","1.0289562377022","1.01476932257543","1.18817146476416","1.73282508383251","4.34662169566647","4.00264991856418","3.66636566494391","2.99675057361796","2.44520920123166","3.27993952358127","2.77436442343765","3.01662610378196","2.77975032234119","2.81592647529302","2.94476612437636","2.90215408668462","2.70532449885834","2.60356792759176","","","","","","","","",
"Barbados","BRB","Electricity production from nuclear sources (% of total)","EG.ELC.NUCL.ZS","","","","","","","","","","","","","","","","","","","","","","","","","","","","","","","","","","","","","","","","","","","","","","","","","","","","","","","","","","","","","","","",
"Brunei Darussalam","BRN","Electricity production from nuclear sources (% of total)","EG.ELC.NUCL.ZS","","","","","","","","","","","","0","0","0","0","0","0","0","0","0","0","0","0","0","0","0","0","0","0","0","0","0","0","0","0","0","0","0","0","0","0","0","0","0","0","0","0","0","0","0","0","0","0","0","0","","","","","","","","",
"Bhutan","BTN","Electricity production from nuclear sources (% of total)","EG.ELC.NUCL.ZS","","","","","","","","","","","","","","","","","","","","","","","","","","","","","","","","","","","","","","","","","","","","","","","","","","","","","","","","","","","","","","","",
"Botswana","BWA","Electricity production from nuclear sources (% of total)","EG.ELC.NUCL.ZS","","","","","","","","","","","","","","","","","","","","","","0","0","0","0","0","0","0","0","0","0","0","0","0","0","0","0","0","0","0","0","0","0","0","0","0","0","0","0","0","0","0","0","0","0","","","","","","","","",
"Central African Republic","CAF","Electricity production from nuclear sources (% of total)","EG.ELC.NUCL.ZS","","","","","","","","","","","","","","","","","","","","","","","","","","","","","","","","","","","","","","","","","","","","","","","","","","","","","","","","","","","","","","","",
"Canada","CAN","Electricity production from nuclear sources (% of total)","EG.ELC.NUCL.ZS","0","0","0","0.0747125975079734","0.109818181818182","0.0869547495635279","0.10664550290795","0.090477401347108","0.508578804784408","0.270693466513837","0.49495971591126","1.92351904360487","2.92978828003429","5.64793524905491","5.18349999118212","4.53659592897358","5.83998390450003","8.18008483787023","9.0992601492533","9.82178162679959","10.1886529610639","10.2614864518773","9.89727609984794","11.9191820121129","11.9470950321503","13.1880464058155","15.2124539466101","15.5690300011285","16.3821223395633","15.9913508318818","15.1370941475933","16.7033459793376","15.488228431284","17.6534483957475","19.4060175678861","17.4719868572602","16.1917096184693","14.3877266387727","12.7323292661431","12.6939519298033","12.0210503371885","13.0040014920818","12.5634192674804","12.7034206214316","15.0678902753119","14.8326253295602","16.0310789935328","14.8712001539903","15.1962599665119","14.777616481723","15.0131819506637","14.7078051678238","14.9001572289999","15.5490082601147","16.1190749922158","15.5465605152518","","","","","","","",
"Central Europe and the Baltics","CEB","Electricity production from nuclear sources (% of total)","EG.ELC.NUCL.ZS","","","","","","","","","","","","0","0.00118698729157524","0.0859359440271157","0.492114547336556","0.889202774497206","1.64010959988219","1.72379099899607","1.60851917689936","2.25008896500382","2.77037354535124","3.70506877360025","4.22862088800778","5.17216746897035","5.85734663223092","7.3087047285962","8.41984383187537","10.0582500700152","11.5585847563358","11.5182271504131","17.3329712239067","17.4620525954151","17.2917868820927","17.4901759342494","17.2959839563943","17.5595522933799","18.0750934702257","18.6446979582438","18.8887222019817","18.5466662769285","19.1532939139309","19.9996346931879","21.7864385096605","21.4375118028625","21.2833751674448","20.7779875956802","20.4109892194366","19.7194584554492","21.325406790087","22.1216144099006","19.3525988907537","19.6500319964751","20.276552141915","20.0311707124642","20.549931382455","13.653416742317","","","","","","","",
"Switzerland","CHE","Electricity production from nuclear sources (% of total)","EG.ELC.NUCL.ZS","0","0","0","0","0","0","0","0","0","1.81768762953148","5.07821486082356","4.46104999839646","12.0455472254462","17.1388217399571","19.0474907013099","18.0576560645897","21.9990024384837","17.6814120723469","19.8698224852071","25.96502804355","29.7789309807992","29.5751823127677","28.8203702292984","30.0986684548328","37.211179497528","40.6179664007779","39.9373905661379","39.1240751764606","38.1916284057777","42.4863718394761","42.9807972068665","40.3505379368539","40.2112772671148","38.3683864607295","37.2409049220422","39.9932527952705","44.696094291657","40.9875467802297","41.4580123266564","37.6130356908829","39.9945556832618","37.7311492020603","41.6008554189261","42.0290519877676","42.210913645972","40.3900396269186","44.771147161066","42.0310359878987","41.3210812100961","41.5250551197636","39.8761581784049","42.4723317644066","37.3363663046669","37.8201396973225","39.3098627713903","34.931993887771","","","","","","","",
"Channel Islands","CHI","Electricity production from nuclear sources (% of total)","EG.ELC.NUCL.ZS","","","","","","","","","","","","","","","","","","","","","","","","","","","","","","","","","","","","","","","","","","","","","","","","","","","","","","","","","","","","","","","",
"Chile","CHL","Electricity production from nuclear sources (% of total)","EG.ELC.NUCL.ZS","","","","","","","","","","","","0","0","0","0","0","0","0","0","0","0","0","0","0","0","0","0","0","0","0","0","0","0","0","0","0","0","0","0","0","0","0","0","0","0","0","0","0","0","0","0","0","0","0","0","0","","","","","","","",
"China","CHN","Electricity production from nuclear sources (% of total)","EG.ELC.NUCL.ZS","","","","","","","","","","","","0","0","0","0","0","0","0","0","0","0","0","0","0","0","0","0","0","0","0","0","0","0","0.191317022086143","1.58966652123093","1.27322370757823","1.32729763756202","1.26931528460552","1.20770877944325","1.20563549305725","1.23453056564026","1.17978404387997","1.51901504324843","2.26831802088703","2.29039955489035","2.12312424963987","1.91360363774157","1.893174151911","1.97260890318803","1.88782902891769","1.76021942226301","1.83533583670166","1.95384626495467","2.05300514092809","2.33928636039921","","","","","","","","",
"Cote d'Ivoire","CIV","Electricity production from nuclear sources (% of total)","EG.ELC.NUCL.ZS","","","","","","","","","","","","0","0","0","0","0","0","0","0","0","0","0","0","0","0","0","0","0","0","0","0","0","0","0","0","0","0","0","0","0","0","0","0","0","0","0","0","0","0","0","0","0","0","0","0","","","","","","","","",
"Cameroon","CMR","Electricity production from nuclear sources (% of total)","EG.ELC.NUCL.ZS","","","","","","","","","","","","0","0","0","0","0","0","0","0","0","0","0","0","0","0","0","0","0","0","0","0","0","0","0","0","0","0","0","0","0","0","0","0","0","0","0","0","0","0","0","0","0","0","0","0","","","","","","","","",
"Congo, Dem. Rep.","COD","Electricity production from nuclear sources (% of total)","EG.ELC.NUCL.ZS","","","","","","","","","","","","0","0","0","0","0","0","0","0","0","0","0","0","0","0","0","0","0","0","0","0","0","0","0","0","0","0","0","0","0","0","0","0","0","0","0","0","0","0","0","0","0","0","0","0","","","","","","","","",
"Congo, Rep.","COG","Electricity production from nuclear sources (% of total)","EG.ELC.NUCL.ZS","","","","","","","","","","","","0","0","0","0","0","0","0","0","0","0","0","0","0","0","0","0","0","0","0","0","0","0","0","0","0","0","0","0","0","0","0","0","0","0","0","0","0","0","0","0","0","0","0","0","","","","","","","","",
"Colombia","COL","Electricity production from nuclear sources (% of total)","EG.ELC.NUCL.ZS","","","","","","","","","","","","0","0","0","0","0","0","0","0","0","0","0","0","0","0","0","0","0","0","0","0","0","0","0","0","0","0","0","0","0","0","0","0","0","0","0","0","0","0","0","0","0","0","0","0","","","","","","","","",
"Comoros","COM","Electricity production from nuclear sources (% of total)","EG.ELC.NUCL.ZS","","","","","","","","","","","","","","","","","","","","","","","","","","","","","","","","","","","","","","","","","","","","","","","","","","","","","","","","","","","","","","","",
"Cabo Verde","CPV","Electricity production from nuclear sources (% of total)","EG.ELC.NUCL.ZS","","","","","","","","","","","","","","","","","","","","","","","","","","","","","","","","","","","","","","","","","","","","","","","","","","","","","","","","","","","","","","","",
"Costa Rica","CRI","Electricity production from nuclear sources (% of total)","EG.ELC.NUCL.ZS","","","","","","","","","","","","0","0","0","0","0","0","0","0","0","0","0","0","0","0","0","0","0","0","0","0","0","0","0","0","0","0","0","0","0","0","0","0","0","0","0","0","0","0","0","0","0","0","0","0","","","","","","","","",
"Caribbean small states","CSS","Electricity production from nuclear sources (% of total)","EG.ELC.NUCL.ZS","","","","","","","","","","","","","","","","","","","","","","","","","","","","","","","","","","","","","","","","","","","","","","","","","","","","","","","","","","","","","","","",
"Cuba","CUB","Electricity production from nuclear sources (% of total)","EG.ELC.NUCL.ZS","","","","","","","","","","","","0","0","0","0","0","0","0","0","0","0","0","0","0","0","0","0","0","0","0","0","0","0","0","0","0","0","0","0","0","0","0","0","0","0","0","0","0","0","0","0","0","0","0","0","","","","","","","","",
"Curacao","CUW","Electricity production from nuclear sources (% of total)","EG.ELC.NUCL.ZS","","","","","","","","","","","","0","0","0","0","0","0","0","0","0","0","0","0","0","0","0","0","0","0","0","","","","","","","","","","","","","","","","","","","","","","","","","","","","","","","","","",
"Cayman Islands","CYM","Electricity production from nuclear sources (% of total)","EG.ELC.NUCL.ZS","","","","","","","","","","","","","","","","","","","","","","","","","","","","","","","","","","","","","","","","","","","","","","","","","","","","","","","","","","","","","","","",
"Cyprus","CYP","Electricity production from nuclear sources (% of total)","EG.ELC.NUCL.ZS","","","","","","","","","","","","0","0","0","0","0","0","0","0","0","0","0","0","0","0","0","0","0","0","0","0","0","0","0","0","0","0","0","0","0","0","0","0","0","0","0","0","0","0","0","0","0","0","0","0","","","","","","","","",
"Czechia","CZE","Electricity production from nuclear sources (% of total)","EG.ELC.NUCL.ZS","","","","","","","","","","","","0","0","0","0","0","0","0","0","0","0","0","0","0.353038781310127","2.13532331449056","4.12415478054404","10.1458601458601","17.2052865136022","18.3666490502689","19.0661896792618","20.2100496218143","20.1200703174235","20.7426723335083","21.5279435332629","22.2250766411482","20.1898472967396","20.1338075615374","19.4559073142626","20.3918049022035","20.8185913122087","18.6391628149388","19.8682544386669","24.6568853214027","31.2403400309119","31.4178302900107","30.1814941841305","31.1353910153728","29.8208832778816","31.8758628969326","33.3300666405331","32.8183608402101","32.5931133032175","34.9810236829052","35.7466747279323","35.6362226191595","32.488864142539","","","","","","","",
"Germany","DEU","Electricity production from nuclear sources (% of total)","EG.ELC.NUCL.ZS","0","0.0189971108560573","0.0728485987572029","0.0375199324641216","0.0635867837315659","0.0682434600017498","0.149986133357482","0.667764162051371","0.873647602416135","2.19839428604507","2.10317678797555","1.89947104498409","2.75296995209335","3.23385476770526","3.70209159597811","6.28970477108685","7.00792315559426","9.68306759957095","9.79364873854286","11.1349457731734","11.9202727623622","14.0106512848032","15.899288413596","16.3719301189153","20.7293639328105","26.6330490241279","25.0068511133299","26.7170248102144","28.6633924866891","29.0046412162247","27.8404090203597","27.4770167927648","29.7568543974576","29.3358495043896","28.6941289591683","28.7325408116153","29.0573116321131","31.0811279335634","29.2634532699706","30.7674488050747","29.6351821468322","29.4396153198393","28.3256064912347","27.3457885398184","27.3381824727338","26.4785644689834","26.435995018428","22.1780346966763","23.4078943220152","22.8711485068631","22.4321438660162","17.7809653046302","15.9463090691627","15.3710037996982","15.6171515488682","14.3199259868293","","","","","","","",
"Djibouti","DJI","Electricity production from nuclear sources (% of total)","EG.ELC.NUCL.ZS","","","","","","","","","","","","","","","","","","","","","","","","","","","","","","","","","","","","","","","","","","","","","","","","","","","","","","","","","","","","","","","",
"Dominica","DMA","Electricity production from nuclear sources (% of total)","EG.ELC.NUCL.ZS","","","","","","","","","","","","","","","","","","","","","","","","","","","","","","","","","","","","","","","","","","","","","","","","","","","","","","","","","","","","","","","",
"Denmark","DNK","Electricity production from nuclear sources (% of total)","EG.ELC.NUCL.ZS","0","0","0","0","0","0","0","0","0","0","0","0","0","0","0","0","0","0","0","0","0","0","0","0","0","0","0","0","0","0","0","0","0","0","0","0","0","0","0","0","0","0","0","0","0","0","0","0","0","0","0","0","0","0","0","0","","","","","","","",
"Dominican Republic","DOM","Electricity production from nuclear sources (% of total)","EG.ELC.NUCL.ZS","","","","","","","","","","","","0","0","0","0","0","0","0","0","0","0","0","0","0","0","0","0","0","0","0","0","0","0","0","0","0","0","0","0","0","0","0","0","0","0","0","0","0","0","0","0","0","0","0","0","","","","","","","","",
"Algeria","DZA","Electricity production from nuclear sources (% of total)","EG.ELC.NUCL.ZS","","","","","","","","","","","","0","0","0","0","0","0","0","0","0","0","0","0","0","0","0","0","0","0","0","0","0","0","0","0","0","0","0","0","0","0","0","0","0","0","0","0","0","0","0","0","0","0","0","0","","","","","","","","",
"Early-demographic dividend","EAR","Electricity production from nuclear sources (% of total)","EG.ELC.NUCL.ZS","","","","","","","","","","","","0.439399414565322","0.386145551464101","0.775498652821914","0.987684196187527","1.40483280361074","1.44129111825345","0.910619367556263","1.14326005376661","1.00639041764844","0.876628957222621","0.894535251001605","0.566777777385881","0.942005400990805","1.54662743888993","1.82513988196751","2.05411241610423","1.71424133957333","1.97198299841844","1.75082819258221","1.96643856018321","2.00205917873649","1.94765081150636","1.72161440932374","1.78056799285738","2.09620251490789","2.05896202415766","2.20719468213366","2.15257415945825","2.09760326666871","2.10221098605887","2.12191902745397","2.0537037511367","1.99326665915326","1.89482300957975","1.74587623492098","1.6815501723101","1.58030369985659","1.4540493110589","1.59969614750876","1.56545993937082","1.82547144194838","1.70973215832873","1.89349179159131","1.77969836814815","0.26374168579997","","","","","","","",
"Ecuador","ECU","Electricity production from nuclear sources (% of total)","EG.ELC.NUCL.ZS","","","","","","","","","","","","0","0","0","0","0","0","0","0","0","0","0","0","0","0","0","0","0","0","0","0","0","0","0","0","0","0","0","0","0","0","0","0","0","0","0","0","0","0","0","0","0","0","0","0","","","","","","","","",
"Egypt, Arab Rep.","EGY","Electricity production from nuclear sources (% of total)","EG.ELC.NUCL.ZS","","","","","","","","","","","","0","0","0","0","0","0","0","0","0","0","0","0","0","0","0","0","0","0","0","0","0","0","0","0","0","0","0","0","0","0","0","0","0","0","0","0","0","0","0","0","0","0","0","0","","","","","","","","",
"Eritrea","ERI","Electricity production from nuclear sources (% of total)","EG.ELC.NUCL.ZS","","","","","","","","","","","","","","","","","","","","","","","","","","","","","","","","","0","0","0","0","0","0","0","0","0","0","0","0","0","0","0","0","0","0","0","0","0","0","0","","","","","","","","",
"Spain","ESP","Electricity production from nuclear sources (% of total)","EG.ELC.NUCL.ZS","0","0","0","0","0","0","0","0","0.181179192770295","1.59312783457606","1.63934426229508","4.09677681253552","6.99550909224766","8.65054189796458","9.0201808282132","9.18901800287461","8.46546024987394","7.03859141861494","7.78223180856259","6.3990525581884","4.74795378389761","8.69849812720462","7.72734480996599","9.24006309695089","19.5468477469392","22.3250037813353","29.2120285741024","31.123026107416","36.4154592160711","38.1290760869565","35.8901101808129","35.9149332144311","35.5979578813019","36.0655948635799","34.3768256454239","33.4881277325539","32.4921408588816","29.2354623652503","30.5043641929346","28.5915554540729","28.1575766903101","27.3346290980705","26.2657502386242","24.0465891734969","22.9913392999147","19.8790789269118","20.3415634240245","18.2557588648253","18.9637209063021","18.0769454789649","20.7796996513811","19.7981017586345","20.9122888188826","20.1552701238253","20.8420470705476","20.6186643243866","","","","","","","",
"Estonia","EST","Electricity production from nuclear sources (% of total)","EG.ELC.NUCL.ZS","","","","","","","","","","","","","","","","","","","","","","","","","","","","","","","0","0","0","0","0","0","0","0","0","0","0","0","0","0","0","0","0","0","0","0","0","0","0","0","0","0","","","","","","","",
"Ethiopia","ETH","Electricity production from nuclear sources (% of total)","EG.ELC.NUCL.ZS","","","","","","","","","","","","0","0","0","0","0","0","0","0","0","0","0","0","0","0","0","0","0","0","0","0","0","0","0","0","0","0","0","0","0","0","0","0","0","0","0","0","0","0","0","0","0","0","0","0","","","","","","","","",
"Fragile and conflict affected situations","FCS","Electricity production from nuclear sources (% of total)","EG.ELC.NUCL.ZS","","","","","","","","","","","","0","0","0","0","0","0","0","0","0","0","0","0","0","0","0","0","0","0","0","0","0","0","0","0","0.13741109539285","1.01227641047704","0.680139317404165","0.636223860359177","0.808979491974788","0.745145465507923","0.702150436034582","0.761718073076294","0.667836695729672","0.678098291112727","0.799119428709729","0.738993767324302","0.6997771121471","0.648450636156416","0.647408051946668","0.604719863110848","0.606822511348138","0.547114623915107","0.535110126977763","0.533319181488462","","","","","","","","",
"Finland","FIN","Electricity production from nuclear sources (% of total)","EG.ELC.NUCL.ZS","0","0","0","0","0","0","0","0","0","0","0","0","0","0","0","0","0","8.03673938002296","9.13466920407478","17.1801340366435","17.2331705401625","35.8478574396832","40.7431693989071","41.993506647392","41.6609623070638","38.3357470432054","38.6859091462672","36.788884311449","36.2931066483537","35.4720627311073","35.3384703091381","33.6477770496327","33.3650931139021","32.6265983398549","29.6003413021286","30.0085890528617","28.0743228633618","30.2041170348098","31.1442700984793","33.0765797543804","32.1238710414999","30.5735305963537","29.7445133746915","26.9560989493157","26.4616459898655","32.9701623643422","27.828263193702","28.8300818511908","29.6492406240314","32.6437164384132","28.2618935468676","31.5465095712983","32.6468875601824","33.1279733920878","34.6286016389109","33.8979838768459","","","","","","","",
"Fiji","FJI","Electricity production from nuclear sources (% of total)","EG.ELC.NUCL.ZS","","","","","","","","","","","","","","","","","","","","","","","","","","","","","","","","","","","","","","","","","","","","","","","","","","","","","","","","","","","","","","","",
"Faroe Islands","FRO","Electricity production from nuclear sources (% of total)","EG.ELC.NUCL.ZS","","","","","","","","","","","","","","","","","","","","","","","","","","","","","","","","","","","","","","","","","","","","","","","","","","","","","","","","","","","","","","","",
"Micronesia, Fed. Sts.","FSM","Electricity production from nuclear sources (% of total)","EG.ELC.NUCL.ZS","","","","","","","","","","","","","","","","","","","","","","","","","","","","","","","","","","","","","","","","","","","","","","","","","","","","","","","","","","","","","","","",
"Gabon","GAB","Electricity production from nuclear sources (% of total)","EG.ELC.NUCL.ZS","","","","","","","","","","","","0","0","0","0","0","0","0","0","0","0","0","0","0","0","0","0","0","0","0","0","0","0","0","0","0","0","0","0","0","0","0","0","0","0","0","0","0","0","0","0","0","0","0","0","","","","","","","","",
"United Kingdom","GBR","Electricity production from nuclear sources (% of total)","EG.ELC.NUCL.ZS","1.60290598783406","1.73773532537689","2.29970326409496","3.65206414780388","4.45826824978973","7.73357860044455","10.0203708384756","11.215236957234","11.7646001877664","12.2424874212382","10.4881176062642","10.7712038036253","11.1802471391004","9.95088003639569","12.3409519753893","11.2035156394254","13.1339477402926","14.2054449295425","12.994393671761","12.8272698354233","13.0330093532955","13.7222304542514","16.1854562051856","18.1182797649936","19.2509878885576","20.7299156145345","19.7354311770306","18.3123151794831","20.6903297749548","22.9420324618214","20.6917279035735","21.9519405511713","24.0513424310935","27.7782786439308","27.1616865216107","26.7569754187357","27.1020546043233","28.1075662981843","27.552419276668","26.0459958932238","22.7213355592654","23.5621181688844","22.8416906096023","22.4258086703214","20.4455655569697","20.6405243964737","19.1777444526345","16.0388425609014","13.6387495777356","18.521407453273","16.4183915577656","18.9561217170982","19.5575420360067","19.8628306509918","19.0126247789247","20.9138531793695","","","","","","","",
"Georgia","GEO","Electricity production from nuclear sources (% of total)","EG.ELC.NUCL.ZS","","","","","","","","","","","","","","","","","","","","","","","","","","","","","","","0","0","0","0","0","0","0","0","0","0","0","0","0","0","0","0","0","0","0","0","0","0","0","0","0","","","","","","","","",
"Ghana","GHA","Electricity production from nuclear sources (% of total)","EG.ELC.NUCL.ZS","","","","","","","","","","","","0","0","0","0","0","0","0","0","0","0","0","0","0","0","0","0","0","0","0","0","0","0","0","0","0","0","0","0","0","0","0","0","0","0","0","0","0","0","0","0","0","0","0","0","","","","","","","","",
"Gibraltar","GIB","Electricity production from nuclear sources (% of total)","EG.ELC.NUCL.ZS","","","","","","","","","","","","0","0","0","0","0","0","0","0","0","0","0","0","0","0","0","0","0","0","0","0","0","0","0","0","0","0","0","0","0","0","0","0","0","0","0","0","0","0","0","0","0","0","0","0","","","","","","","","",
"Guinea","GIN","Electricity production from nuclear sources (% of total)","EG.ELC.NUCL.ZS","","","","","","","","","","","","","","","","","","","","","","","","","","","","","","","","","","","","","","","","","","","","","","","","","","","","","","","","","","","","","","","",
"Gambia, The","GMB","Electricity production from nuclear sources (% of total)","EG.ELC.NUCL.ZS","","","","","","","","","","","","","","","","","","","","","","","","","","","","","","","","","","","","","","","","","","","","","","","","","","","","","","","","","","","","","","","",
"Guinea-Bissau","GNB","Electricity production from nuclear sources (% of total)","EG.ELC.NUCL.ZS","","","","","","","","","","","","","","","","","","","","","","","","","","","","","","","","","","","","","","","","","","","","","","","","","","","","","","","","","","","","","","","",
"Equatorial Guinea","GNQ","Electricity production from nuclear sources (% of total)","EG.ELC.NUCL.ZS","","","","","","","","","","","","","","","","","","","","","","","","","","","","","","","","","","","","","","","","","","","","","","","","","","","","","","","","","","","","","","","",
"Greece","GRC","Electricity production from nuclear sources (% of total)","EG.ELC.NUCL.ZS","0","0","0","0","0","0","0","0","0","0","0","0","0","0","0","0","0","0","0","0","0","0","0","0","0","0","0","0","0","0","0","0","0","0","0","0","0","0","0","0","0","0","0","0","0","0","0","0","0","0","0","0","0","0","0","0","","","","","","","",
"Grenada","GRD","Electricity production from nuclear sources (% of total)","EG.ELC.NUCL.ZS","","","","","","","","","","","","","","","","","","","","","","","","","","","","","","","","","","","","","","","","","","","","","","","","","","","","","","","","","","","","","","","",
"Greenland","GRL","Electricity production from nuclear sources (% of total)","EG.ELC.NUCL.ZS","","","","","","","","","","","","","","","","","","","","","","","","","","","","","","","","","","","","","","","","","","","","","","","","","","","","","","","","","","","","","","","",
"Guatemala","GTM","Electricity production from nuclear sources (% of total)","EG.ELC.NUCL.ZS","","","","","","","","","","","","0","0","0","0","0","0","0","0","0","0","0","0","0","0","0","0","0","0","0","0","0","0","0","0","0","0","0","0","0","0","0","0","0","0","0","0","0","0","0","0","0","0","0","0","","","","","","","","",
"Guam","GUM","Electricity production from nuclear sources (% of total)","EG.ELC.NUCL.ZS","","","","","","","","","","","","","","","","","","","","","","","","","","","","","","","","","","","","","","","","","","","","","","","","","","","","","","","","","","","","","","","",
"Guyana","GUY","Electricity production from nuclear sources (% of total)","EG.ELC.NUCL.ZS","","","","","","","","","","","","","","","","","","","","","","","","","","","","","","","","","","","","","","","","","","","","","","","","","","","","","","","","","","","","","","","",
"Hong Kong SAR, China","HKG","Electricity production from nuclear sources (% of total)","EG.ELC.NUCL.ZS","","","","","","","","","","","","0","0","0","0","0","0","0","0","0","0","0","0","0","0","0","0","0","0","0","0","0","0","0","0","0","0","0","0","0","0","0","0","0","0","0","0","0","0","0","0","0","0","0","0","","","","","","","","",
"Honduras","HND","Electricity production from nuclear sources (% of total)","EG.ELC.NUCL.ZS","","","","","","","","","","","","0","0","0","0","0","0","0","0","0","0","0","0","0","0","0","0","0","0","0","0","0","0","0","0","0","0","0","0","0","0","0","0","0","0","0","0","0","0","0","0","0","0","0","0","","","","","","","","",
"Croatia","HRV","Electricity production from nuclear sources (% of total)","EG.ELC.NUCL.ZS","","","","","","","","","","","","","","","","","","","","","","","","","","","","","","","0","0","0","0","0","0","0","0","0","0","0","0","0","0","0","0","0","0","0","0","0","0","0","0","0","","","","","","","","",
"Haiti","HTI","Electricity production from nuclear sources (% of total)","EG.ELC.NUCL.ZS","","","","","","","","","","","","0","0","0","0","0","0","0","0","0","0","0","0","0","0","0","0","0","0","0","0","0","0","0","0","0","0","0","0","0","0","0","0","0","0","0","0","0","0","0","0","0","0","0","0","","","","","","","","",
"Hungary","HUN","Electricity production from nuclear sources (% of total)","EG.ELC.NUCL.ZS","","","","","","0","0","0","0","0","0","0","0","0","0","0","0","0","0","0","0","0","0","9.58898797983715","14.3177584305973","24.1827138378863","26.4538198403649","36.9289724024337","45.9925426743748","46.959196781718","48.2873821915881","45.8098321262891","44.0713271264005","41.9140209630867","41.9185439355512","41.2311129402081","40.4103733257338","39.4609712687516","37.5073944608766","37.2594628885599","40.2943934528715","38.7917067142661","38.5900378903117","32.2536242495241","35.3476919425656","38.6900100682403","37.5386932150924","36.7292292292292","37.0218613366646","42.9597861200847","42.1744133151374","43.5464615897165","45.5983831384438","50.7361193635703","53.2423788786064","52.1850899742931","","","","","","","",
"Indonesia","IDN","Electricity production from nuclear sources (% of total)","EG.ELC.NUCL.ZS","","","","","","","","","","","","0","0","0","0","0","0","0","0","0","0","0","0","0","0","0","0","0","0","0","0","0","0","0","0","0","0","0","0","0","0","0","0","0","0","0","0","0","0","0","0","0","0","0","0","","","","","","","","",
"Isle of Man","IMN","Electricity production from nuclear sources (% of total)","EG.ELC.NUCL.ZS","","","","","","","","","","","","","","","","","","","","","","","","","","","","","","","","","","","","","","","","","","","","","","","","","","","","","","","","","","","","","","","",
"India","IND","Electricity production from nuclear sources (% of total)","EG.ELC.NUCL.ZS","","","","","","","","","","","","1.79260062665703","1.60672755119406","3.29138963679323","2.87696601371971","3.05611805507064","3.40113998849553","2.29661976386867","2.51523213685769","2.55005717020767","2.49233861256218","2.28292904103378","1.42915706591651","2.33373918194083","2.37082632751729","2.67725675225433","2.46211471238558","2.26918327429401","2.38089390962672","1.70150615485362","2.09782326496591","1.73058611271206","1.99477432002396","1.49593315689562","1.44519245777392","1.88405797101449","2.04748651900206","2.13316464908458","2.36664542601404","2.42757938325668","2.96688713822303","3.31111190453116","3.17607477125382","2.7318668115058","2.48702102805446","2.42071609823714","2.42987707163756","2.05898030873169","1.75952284126339","2.03161009133306","2.68180221683125","3.00473878957987","2.92649741907967","2.87400331835372","2.79063943071017","","","","","","","","",
"Ireland","IRL","Electricity production from nuclear sources (% of total)","EG.ELC.NUCL.ZS","0","0","0","0","0","0","0","0","0","0","0","0","0","0","0","0","0","0","0","0","0","0","0","0","0","0","0","0","0","0","0","0","0","0","0","0","0","0","0","0","0","0","0","0","0","0","0","0","0","0","0","0","0","0","0","0","","","","","","","",
"Iran, Islamic Rep.","IRN","Electricity production from nuclear sources (% of total)","EG.ELC.NUCL.ZS","","","","","","","","","","","","0","0","0","0","0","0","0","0","0","0","0","0","0","0","0","0","0","0","0","0","0","0","0","0","0","0","0","0","0","0","0","0","0","0","0","0","0","0","0","0","0.136220485561462","0.726376063804685","1.73224505971025","1.62849724517405","","","","","","","","",
"Iraq","IRQ","Electricity production from nuclear sources (% of total)","EG.ELC.NUCL.ZS","","","","","","","","","","","","0","0","0","0","0","0","0","0","0","0","0","0","0","0","0","0","0","0","0","0","0","0","0","0","0","0","0","0","0","0","0","0","0","0","0","0","0","0","0","0","0","0","0","0","","","","","","","","",
"Iceland","ISL","Electricity production from nuclear sources (% of total)","EG.ELC.NUCL.ZS","0","0","0","0","0","0","0","0","0","0","0","0","0","0","0","0","0","0","0","0","0","0","0","0","0","0","0","0","0","0","0","0","0","0","0","0","0","0","0","0","0","0","0","0","0","0","0","0","0","0","0","0","0","0","0","0","","","","","","","",
"Israel","ISR","Electricity production from nuclear sources (% of total)","EG.ELC.NUCL.ZS","","","","","","","","","","","","0","0","0","0","0","0","0","0","0","0","0","0","0","0","0","0","0","0","0","0","0","0","0","0","0","0","0","0","0","0","0","0","0","0","0","0","0","0","0","0","0","0","0","0","0","","","","","","","",
"Italy","ITA","Electricity production from nuclear sources (% of total)","EG.ELC.NUCL.ZS","0","0","0","0.454763044518909","3.14674774904654","4.24970336828341","4.32141578664757","3.27582623155269","2.49585799963182","1.53176659489837","2.72627386348029","2.71546158812137","2.70811238741094","2.18321798827094","2.31415502802774","2.60670334344003","2.35315206171229","2.05203748833036","2.55777817570573","1.46816462661803","1.20344026946597","1.51267923600478","3.74203909231903","3.21083343975037","3.83386403616202","3.8543215702629","4.6364382328807","0.0877493797026607","0","0","0","0","0","0","0","0","0","0","0","0","0","0","0","0","0","0","0","0","0","0","0","0","0","0","0","0","","","","","","","",
"Jamaica","JAM","Electricity production from nuclear sources (% of total)","EG.ELC.NUCL.ZS","","","","","","","","","","","","0","0","0","0","0","0","0","0","0","0","0","0","0","0","0","0","0","0","0","0","0","0","0","0","0","0","0","0","0","0","0","0","0","0","0","0","0","0","0","0","0","0","0","0","","","","","","","","",
"Jordan","JOR","Electricity production from nuclear sources (% of total)","EG.ELC.NUCL.ZS","","","","","","","","","","","","0","0","0","0","0","0","0","0","0","0","0","0","0","0","0","0","0","0","0","0","0","0","0","0","0","0","0","0","0","0","0","0","0","0","0","0","0","0","0","0","0","0","0","0","","","","","","","","",
"Japan","JPN","Electricity production from nuclear sources (% of total)","EG.ELC.NUCL.ZS","0","0","0","0","0","0","0.279264603211543","0.246153846153846","0.367714653428939","0.349705929105071","1.29650507328072","2.08931835988509","2.23161851068828","2.08579096536861","4.31072966632821","5.31020023417719","6.72180231640736","5.98049383135835","10.6339149329834","12.0260019817542","14.4255944219614","15.1341775293136","17.6995890889109","18.6022929986068","20.8692192073166","23.926854099538","25.0786763303452","26.3331140753789","23.8805830498506","23.0405009544089","23.1815228116902","23.6932684079025","24.6843202765358","27.2722995602619","27.6164890735055","29.130730923759","29.654576195677","30.6283682117578","31.7327991429529","29.6472751822897","29.5975891744448","29.8506989097791","27.027541909112","22.2032785065404","25.446554865029","26.9846329574584","26.8427603741387","22.8743838840987","23.4420790986722","26.1847732384597","25.2819139978107","9.47148762138249","1.5084722022426","0.87800182150222","0","0.911553166046214","","","","","","","",
"Kazakhstan","KAZ","Electricity production from nuclear sources (% of total)","EG.ELC.NUCL.ZS","","","","","","","","","","","","","","","","","","","","","","","","","","","","","","","0","0","0","0","0","0","0","0","0","0","0","0","0","0","0","0","0","0","0","0","0","0","0","0","0","","","","","","","","",
"Kenya","KEN","Electricity production from nuclear sources (% of total)","EG.ELC.NUCL.ZS","","","","","","","","","","","","0","0","0","0","0","0","0","0","0","0","0","0","0","0","0","0","0","0","0","0","0","0","0","0","0","0","0","0","0","0","0","0","0","0","0","0","0","0","0","0","0","0","0","0","","","","","","","","",
"Kyrgyz Republic","KGZ","Electricity production from nuclear sources (% of total)","EG.ELC.NUCL.ZS","","","","","","","","","","","","","","","","","","","","","","","","","","","","","","","0","0","0","0","0","0","0","0","0","0","0","0","0","0","0","0","0","0","0","0","0","0","0","0","0","","","","","","","","",
"Cambodia","KHM","Electricity production from nuclear sources (% of total)","EG.ELC.NUCL.ZS","","","","","","","","","","","","","","","","","","","","","","","","","","","","","","","","","","","","0","0","0","0","0","0","0","0","0","0","0","0","0","0","0","0","0","0","0","0","","","","","","","","",
"Kiribati","KIR","Electricity production from nuclear sources (% of total)","EG.ELC.NUCL.ZS","","","","","","","","","","","","","","","","","","","","","","","","","","","","","","","","","","","","","","","","","","","","","","","","","","","","","","","","","","","","","","","",
"St. Kitts and Nevis","KNA","Electricity production from nuclear sources (% of total)","EG.ELC.NUCL.ZS","","","","","","","","","","","","","","","","","","","","","","","","","","","","","","","","","","","","","","","","","","","","","","","","","","","","","","","","","","","","","","","",
"Korea, Rep.","KOR","Electricity production from nuclear sources (% of total)","EG.ELC.NUCL.ZS","","","","","","","","","","","","0","0","0","0","0","0","0.267047805318389","7.37543636940654","8.85393258426966","9.33698541851285","7.205213022608","8.75887018227355","18.3520982599795","21.9149568837348","28.8672056820729","44.3086313483058","54.082980245419","47.5908475944079","50.5523240300977","50.1912290858016","49.7205421394199","45.4406610719913","40.6459957353095","36.2571400311565","37.0041791110694","36.48675995163","34.7056016279928","41.5094252299034","43.7460737873309","37.7657472810076","36.272914597735","36.113267273896","37.7842076278224","35.6548612702257","37.8419280487994","36.9774032366321","33.5607705943814","34.0044510920493","32.7161505149709","29.9155657737388","29.7513907236378","28.3136353790954","25.8015099713511","28.653002751591","29.998943968421","","","","","","","",
"Kuwait","KWT","Electricity production from nuclear sources (% of total)","EG.ELC.NUCL.ZS","","","","","","","","","","","","0","0","0","0","0","0","0","0","0","0","0","0","0","0","0","0","0","0","0","0","0","0","0","0","0","0","0","0","0","0","0","0","0","0","0","0","0","0","0","0","0","0","0","0","","","","","","","","",
"Latin America & Caribbean (excluding high income)","LAC","Electricity production from nuclear sources (% of total)","EG.ELC.NUCL.ZS","","","","","","","","","","","","0","0","0","0.576087366263878","1.30578472252707","1.21696036115125","0.700930181167774","1.13456187507451","0.951889257922542","0.764498194254034","0.88976064921136","0.554738309085395","0.961216315844991","1.63857206326491","2.23265057050057","1.33261497315057","1.6076638598574","1.32466691781881","1.43580348009386","2.43964787617758","2.48673969641453","2.31636467544337","2.25716005493685","2.032971747133","2.77300507869446","2.60446358286682","2.98350610261842","2.62705289190468","2.6619166856442","2.44860812655978","3.67411760448311","3.48238711629781","3.50397318692184","3.0654128564057","2.82739910805207","3.19155918212613","2.84339727563778","2.83316719847924","2.87306895962664","2.35981476646999","2.61186520611035","2.45452006992921","2.5774265749325","2.33237937828434","0.867039903518565","","","","","","","",
"Lao PDR","LAO","Electricity production from nuclear sources (% of total)","EG.ELC.NUCL.ZS","","","","","","","","","","","","","","","","","","","","","","","","","","","","","","","","","","","","","","","","","","","","","","","","","","","","","","","","","","","","","","","",
"Lebanon","LBN","Electricity production from nuclear sources (% of total)","EG.ELC.NUCL.ZS","","","","","","","","","","","","0","0","0","0","0","0","0","0","0","0","0","0","0","0","0","0","0","0","0","0","0","0","0","0","0","0","0","0","0","0","0","0","0","0","0","0","0","0","0","0","0","0","0","0","","","","","","","","",
"Liberia","LBR","Electricity production from nuclear sources (% of total)","EG.ELC.NUCL.ZS","","","","","","","","","","","","","","","","","","","","","","","","","","","","","","","","","","","","","","","","","","","","","","","","","","","","","","","","","","","","","","","",
"Libya","LBY","Electricity production from nuclear sources (% of total)","EG.ELC.NUCL.ZS","","","","","","","","","","","","0","0","0","0","0","0","0","0","0","0","0","0","0","0","0","0","0","0","0","0","0","0","0","0","0","0","0","0","0","0","0","0","0","0","0","0","0","0","0","0","0","0","0","0","","","","","","","","",
"St. Lucia","LCA","Electricity production from nuclear sources (% of total)","EG.ELC.NUCL.ZS","","","","","","","","","","","","","","","","","","","","","","","","","","","","","","","","","","","","","","","","","","","","","","","","","","","","","","","","","","","","","","","",
"Liechtenstein","LIE","Electricity production from nuclear sources (% of total)","EG.ELC.NUCL.ZS","","","","","","","","","","","","","","","","","","","","","","","","","","","","","","","","","","","","","","","","","","","","","","","","","","","","","","","","","","","","","","","",
"Sri Lanka","LKA","Electricity production from nuclear sources (% of total)","EG.ELC.NUCL.ZS","","","","","","","","","","","","0","0","0","0","0","0","0","0","0","0","0","0","0","0","0","0","0","0","0","0","0","0","0","0","0","0","0","0","0","0","0","0","0","0","0","0","0","0","0","0","0","0","0","0","","","","","","","","",
"Lesotho","LSO","Electricity production from nuclear sources (% of total)","EG.ELC.NUCL.ZS","","","","","","","","","","","","","","","","","","","","","","","","","","","","","","","","","","","","","","","","","","","","","","","","","","","","","","","","","","","","","","","",
"Late-demographic dividend","LTE","Electricity production from nuclear sources (% of total)","EG.ELC.NUCL.ZS","","","","","","","","","","","","0","0.000357693447785316","0.0252089288538426","0.0501509352670637","0.0175233158187793","0.0385053875978284","0.00914880378974057","0.00138468473213602","0.144912193091057","0.285289665877631","0.317904627706716","0.343980053425473","0.340474257302767","0.458254215099875","0.6180425034939","0.537381531928824","0.533805930408683","0.485804138523647","0.535502635671172","4.95621937225307","4.90114893941122","4.83878222361704","4.7615448308858","4.4325766914385","4.30822212241674","4.62318847773567","4.62378213615435","4.44464331257784","4.90587500546366","5.09004879700553","5.30610374361716","5.34325065769569","5.49424491906529","5.03509530305973","4.78623315356752","4.59998375694521","4.35877002343675","4.42196944810057","4.25354057695268","4.02970079214737","3.94945930477114","3.95856676201122","3.82807795615452","4.02529851347847","0.165797979191679","","","","","","","",
"Lithuania","LTU","Electricity production from nuclear sources (% of total)","EG.ELC.NUCL.ZS","","","","","","","","","","","","","","","","","","","","","","","","","","","","","","","59.96479493047","57.8959915539965","78.9195600603839","87.9862207549878","78.9953869810354","87.4408284023669","85.8444677051906","83.5696413678065","79.018247536874","75.345710138284","75.7036237748404","79.1115443531542","81.774025673644","82.2392181856809","80.535409556314","71.7100242802636","71.6320278214788","72.9992576095026","74.2402641254596","74.1104964829611","0","0","0","0","0","","","","","","","","",
"Luxembourg","LUX","Electricity production from nuclear sources (% of total)","EG.ELC.NUCL.ZS","0","0","0","0","0","0","0","0","0","0","0","0","0","0","0","0","0","0","0","0","0","0","0","0","0","0","0","0","0","0","0","0","0","0","0","0","0","0","0","0","0","0","0","0","0","0","0","0","0","0","0","0","0","0","0","0","","","","","","","",
"Latvia","LVA","Electricity production from nuclear sources (% of total)","EG.ELC.NUCL.ZS","","","","","","","","","","","","","","","","","","","","","","","","","","","","","","","0","0","0","0","0","0","0","0","0","0","0","0","0","0","0","0","0","0","0","0","0","0","0","0","0","","","","","","","","",
"Macao SAR, China","MAC","Electricity production from nuclear sources (% of total)","EG.ELC.NUCL.ZS","","","","","","","","","","","","","","","","","","","","","","","","","","","","","","","","","","","","","","","","","","","","","","","","","","","","","","","","","","","","","","","",
"St. Martin (French part)","MAF","Electricity production from nuclear sources (% of total)","EG.ELC.NUCL.ZS","","","","","","","","","","","","","","","","","","","","","","","","","","","","","","","","","","","","","","","","","","","","","","","","","","","","","","","","","","","","","","","",
"Morocco","MAR","Electricity production from nuclear sources (% of total)","EG.ELC.NUCL.ZS","","","","","","","","","","","","0","0","0","0","0","0","0","0","0","0","0","0","0","0","0","0","0","0","0","0","0","0","0","0","0","0","0","0","0","0","0","0","0","0","0","0","0","0","0","0","0","0","0","0","","","","","","","","",
"Monaco","MCO","Electricity production from nuclear sources (% of total)","EG.ELC.NUCL.ZS","","","","","","","","","","","","","","","","","","","","","","","","","","","","","","","","","","","","","","","","","","","","","","","","","","","","","","","","","","","","","","","",
"Moldova","MDA","Electricity production from nuclear sources (% of total)","EG.ELC.NUCL.ZS","","","","","","","","","","","","","","","","","","","","","","","","","","","","","","","0","0","0","0","0","0","0","0","0","0","0","0","0","0","0","0","0","0","0","0","0","0","0","0","0","","","","","","","","",
"Madagascar","MDG","Electricity production from nuclear sources (% of total)","EG.ELC.NUCL.ZS","","","","","","","","","","","","","","","","","","","","","","","","","","","","","","","","","","","","","","","","","","","","","","","","","","","","","","","","","","","","","","","",
"Maldives","MDV","Electricity production from nuclear sources (% of total)","EG.ELC.NUCL.ZS","","","","","","","","","","","","","","","","","","","","","","","","","","","","","","","","","","","","","","","","","","","","","","","","","","","","","","","","","","","","","","","",
"Mexico","MEX","Electricity production from nuclear sources (% of total)","EG.ELC.NUCL.ZS","","","","","","","","","","","","0","0","0","0","0","0","0","0","0","0","0","0","0","0","0","0","0","0","0.316044348158532","2.53545930920172","3.29936999299992","2.94963270712909","3.63447406632123","2.88110595319817","5.54555724869949","4.99584630701816","6.24264894652314","5.08217044058276","5.22270377525978","3.99708277622463","4.07779875507038","4.466572877954","4.44591202157338","3.86980549955174","4.30876347859376","4.21486256894826","3.92842063994692","3.64034680578505","3.92188351994741","2.13365174187133","3.332441511341","2.85455752730871","3.96870774839738","3.20966115636692","3.72085698307503","","","","","","","",
"Marshall Islands","MHL","Electricity production from nuclear sources (% of total)","EG.ELC.NUCL.ZS","","","","","","","","","","","","","","","","","","","","","","","","","","","","","","","","","","","","","","","","","","","","","","","","","","","","","","","","","","","","","","","",
"Middle income","MIC","Electricity production from nuclear sources (% of total)","EG.ELC.NUCL.ZS","","","","","","","","","","","","0.140217518277219","0.122667952957452","0.244783974223913","0.396497882915963","0.639427295270833","0.813632081875534","0.671680175296769","0.706168590233511","0.650131541421647","0.587377227600458","0.728171546290305","0.66806036479891","0.826210594343873","1.06351825825942","1.1941591696929","1.08076677945457","0.982746445633591","1.13119839346181","1.02321813243904","6.13329750740343","5.98730471283374","5.88186321248541","5.80758623257593","5.42355606298712","5.50846007417366","5.83859194678602","5.72120663836729","5.43139594617063","5.5184392135277","5.651826801984","5.76213694826945","5.72212180103094","5.74162206292924","5.39559039495609","5.1564686553018","4.95264099907306","4.66721082556851","4.56696524753328","4.4188513633355","4.24864811762289","4.23293763996204","4.16826131049034","4.02498252620346","4.16184730367687","0.0917654110815936","","","","","","","",
"North Macedonia","MKD","Electricity production from nuclear sources (% of total)","EG.ELC.NUCL.ZS","","","","","","","","","","","","","","","","","","","","","","","","","","","","","","","0","0","0","0","0","0","0","0","0","0","0","0","0","0","0","0","0","0","0","0","0","0","0","0","0","","","","","","","","",
"Mali","MLI","Electricity production from nuclear sources (% of total)","EG.ELC.NUCL.ZS","","","","","","","","","","","","","","","","","","","","","","","","","","","","","","","","","","","","","","","","","","","","","","","","","","","","","","","","","","","","","","","",
"Malta","MLT","Electricity production from nuclear sources (% of total)","EG.ELC.NUCL.ZS","","","","","","","","","","","","0","0","0","0","0","0","0","0","0","0","0","0","0","0","0","0","0","0","0","0","0","0","0","0","0","0","0","0","0","0","0","0","0","0","0","0","0","0","0","0","0","0","0","0","","","","","","","","",
"Myanmar","MMR","Electricity production from nuclear sources (% of total)","EG.ELC.NUCL.ZS","","","","","","","","","","","","0","0","0","0","0","0","0","0","0","0","0","0","0","0","0","0","0","0","0","0","0","0","0","0","0","0","0","0","0","0","0","0","0","0","0","0","0","0","0","0","0","0","0","0","","","","","","","","",
"Montenegro","MNE","Electricity production from nuclear sources (% of total)","EG.ELC.NUCL.ZS","","","","","","","","","","","","","","","","","","","","","","","","","","","","","","","","","","","","","","","","","","","","","","0","0","0","0","0","0","0","0","0","0","","","","","","","","",
"Mongolia","MNG","Electricity production from nuclear sources (% of total)","EG.ELC.NUCL.ZS","","","","","","","","","","","","","","","","","","","","","","","","","","0","0","0","0","0","0","0","0","0","0","0","0","0","0","0","0","0","0","0","0","0","0","0","0","0","0","0","0","0","0","","","","","","","","",
"Northern Mariana Islands","MNP","Electricity production from nuclear sources (% of total)","EG.ELC.NUCL.ZS","","","","","","","","","","","","","","","","","","","","","","","","","","","","","","","","","","","","","","","","","","","","","","","","","","","","","","","","","","","","","","","",
"Mozambique","MOZ","Electricity production from nuclear sources (% of total)","EG.ELC.NUCL.ZS","","","","","","","","","","","","0","0","0","0","0","0","0","0","0","0","0","0","0","0","0","0","0","0","0","0","0","0","0","0","0","0","0","0","0","0","0","0","0","0","0","0","0","0","0","0","0","0","0","0","","","","","","","","",
"Mauritania","MRT","Electricity production from nuclear sources (% of total)","EG.ELC.NUCL.ZS","","","","","","","","","","","","","","","","","","","","","","","","","","","","","","","","","","","","","","","","","","","","","","","","","","","","","","","","","","","","","","","",
"Mauritius","MUS","Electricity production from nuclear sources (% of total)","EG.ELC.NUCL.ZS","","","","","","","","","","","","0","0","0","0","0","0","0","0","0","0","0","0","0","0","0","0","0","0","0","0","0","0","0","0","0","0","0","0","0","0","0","0","0","0","0","0","0","0","0","0","0","0","0","0","","","","","","","","",
"Malawi","MWI","Electricity production from nuclear sources (% of total)","EG.ELC.NUCL.ZS","","","","","","","","","","","","","","","","","","","","","","","","","","","","","","","","","","","","","","","","","","","","","","","","","","","","","","","","","","","","","","","",
"Malaysia","MYS","Electricity production from nuclear sources (% of total)","EG.ELC.NUCL.ZS","","","","","","","","","","","","0","0","0","0","0","0","0","0","0","0","0","0","0","0","0","0","0","0","0","0","0","0","0","0","0","0","0","0","0","0","0","0","0","0","0","0","0","0","0","0","0","0","0","0","","","","","","","","",
"Namibia","NAM","Electricity production from nuclear sources (% of total)","EG.ELC.NUCL.ZS","","","","","","","","","","","","","","","","","","","","","","","","","","","","","","","","0","0","0","0","0","0","0","0","0","0","0","0","0","0","0","0","0","0","0","0","0","0","0","0","","","","","","","","",
"New Caledonia","NCL","Electricity production from nuclear sources (% of total)","EG.ELC.NUCL.ZS","","","","","","","","","","","","","","","","","","","","","","","","","","","","","","","","","","","","","","","","","","","","","","","","","","","","","","","","","","","","","","","",
"Niger","NER","Electricity production from nuclear sources (% of total)","EG.ELC.NUCL.ZS","","","","","","","","","","","","","","","","","","","","","","","","","","","","","","","","","","","","","","","","","0","0","0","0","0","0","0","0","0","0","0","0","0","0","0","","","","","","","","",
"Nigeria","NGA","Electricity production from nuclear sources (% of total)","EG.ELC.NUCL.ZS","","","","","","","","","","","","0","0","0","0","0","0","0","0","0","0","0","0","0","0","0","0","0","0","0","0","0","0","0","0","0","0","0","0","0","0","0","0","0","0","0","0","0","0","0","0","0","0","0","0","","","","","","","","",
"Nicaragua","NIC","Electricity production from nuclear sources (% of total)","EG.ELC.NUCL.ZS","","","","","","","","","","","","0","0","0","0","0","0","0","0","0","0","0","0","0","0","0","0","0","0","0","0","0","0","0","0","0","0","0","0","0","0","0","0","0","0","0","0","0","0","0","0","0","0","0","0","","","","","","","","",
"Netherlands","NLD","Electricity production from nuclear sources (% of total)","EG.ELC.NUCL.ZS","0","0","0","0","0","0","0","0","0.0832862369493441","0.848050829205255","0.900680405306182","0.901924104756815","0.657908013965409","2.10538316833565","5.98418582567886","6.14655903276936","6.66013038168464","6.36516487664276","6.59133709981168","5.41232315711095","6.48088139987038","5.71089566452781","6.46140071627537","6.01676445934619","5.91130650864953","6.19409979824297","6.2777331070014","5.19738669083149","5.27933803565528","5.50171115674196","4.86605157847932","4.47542482254248","4.91864814838785","5.11670705944867","4.96700765021849","4.95028767849003","4.86988281844468","2.78307502051478","4.18591889370576","4.41881918819188","4.38018096417534","4.24500603226461","4.07893228868214","4.15005474188684","3.77615744857431","4.00016012649993","3.50996124776138","3.99372414776779","3.87626450461172","3.73644351795657","3.32774377462899","3.63363547818151","3.79000561482313","2.84166863253912","3.95579106151734","3.50867629690197","","","","","","","",
"Norway","NOR","Electricity production from nuclear sources (% of total)","EG.ELC.NUCL.ZS","0","0","0","0","0","0","0","0","0","0","0","0","0","0","0","0","0","0","0","0","0","0","0","0","0","0","0","0","0","0","0","0","0","0","0","0","0","0","0","0","0","0","0","0","0","0","0","0","0","0","0","0","0","0","0","0","","","","","","","",
"Nepal","NPL","Electricity production from nuclear sources (% of total)","EG.ELC.NUCL.ZS","","","","","","","","","","","","0","0","0","0","0","0","0","0","0","0","0","0","0","0","0","0","0","0","0","0","0","0","0","0","0","0","0","0","0","0","0","0","0","0","0","0","0","0","0","0","0","0","0","0","","","","","","","","",
"Nauru","NRU","Electricity production from nuclear sources (% of total)","EG.ELC.NUCL.ZS","","","","","","","","","","","","","","","","","","","","","","","","","","","","","","","","","","","","","","","","","","","","","","","","","","","","","","","","","","","","","","","",
"New Zealand","NZL","Electricity production from nuclear sources (% of total)","EG.ELC.NUCL.ZS","0","0","0","0","0","0","0","0","0","0","0","0","0","0","0","0","0","0","0","0","0","0","0","0","0","0","0","0","0","0","0","0","0","0","0","0","0","0","0","0","0","0","0","0","0","0","0","0","0","0","0","0","0","0","0","0","","","","","","","",
"Oman","OMN","Electricity production from nuclear sources (% of total)","EG.ELC.NUCL.ZS","","","","","","","","","","","","0","0","0","0","0","0","0","0","0","0","0","0","0","0","0","0","0","0","0","0","0","0","0","0","0","0","0","0","0","0","0","0","0","0","0","0","0","0","0","0","0","0","0","0","","","","","","","","",
"Other small states","OSS","Electricity production from nuclear sources (% of total)","EG.ELC.NUCL.ZS","","","","","","","","","","","","0","0","0","0","0","0","0","0","0","0","0","0","0","0","0","0","0","0","0","0","0","0","0","0","0","0","0","0","0","0","0","0","0","0","0","0","0","0","0","0","0","0","0","0","0","","","","","","","",
"Pakistan","PAK","Electricity production from nuclear sources (% of total)","EG.ELC.NUCL.ZS","","","","","","","","","","","","1.37348124669836","1.37348124669836","3.62898412319446","5.0639894086496","6.08590685041746","5.91085271317829","3.87055254206123","1.86666666666667","0.747848172710597","0.0133564845732603","0.933881210310048","1.03459972862958","1.1575366807128","1.48127828830064","1.50415163239577","1.68040955097894","1.74894610319479","0.767580308845305","0.0867026964538597","0.777745334855201","0.937286980231766","1.19237861094038","0.981321328436599","0.954159275511157","0.84800814649648","0.585200845665962","0.603330383718124","0.434064926331234","0.60656734569778","2.93176346232897","3.16305398315615","2.29842544647575","2.1774093777063","3.26408109402189","2.6530241698619","2.32963049698105","3.21656683496932","1.76606706252183","3.03491091372422","3.62349550771317","5.53685981701546","4.73654096228869","4.89065682770283","4.7575429020077","","","","","","","","",
"Panama","PAN","Electricity production from nuclear sources (% of total)","EG.ELC.NUCL.ZS","","","","","","","","","","","","0","0","0","0","0","0","0","0","0","0","0","0","0","0","0","0","0","0","0","0","0","0","0","0","0","0","0","0","0","0","0","0","0","0","0","0","0","0","0","0","0","0","0","0","","","","","","","","",
"Peru","PER","Electricity production from nuclear sources (% of total)","EG.ELC.NUCL.ZS","","","","","","","","","","","","0","0","0","0","0","0","0","0","0","0","0","0","0","0","0","0","0","0","0","0","0","0","0","0","0","0","0","0","0","0","0","0","0","0","0","0","0","0","0","0","0","0","0","0","","","","","","","","",
"Philippines","PHL","Electricity production from nuclear sources (% of total)","EG.ELC.NUCL.ZS","","","","","","","","","","","","0","0","0","0","0","0","0","0","0","0","0","0","0","0","0","0","0","0","0","0","0","0","0","0","0","0","0","0","0","0","0","0","0","0","0","0","0","0","0","0","0","0","0","0","","","","","","","","",
"Palau","PLW","Electricity production from nuclear sources (% of total)","EG.ELC.NUCL.ZS","","","","","","","","","","","","","","","","","","","","","","","","","","","","","","","","","","","","","","","","","","","","","","","","","","","","","","","","","","","","","","","",
"Papua New Guinea","PNG","Electricity production from nuclear sources (% of total)","EG.ELC.NUCL.ZS","","","","","","","","","","","","","","","","","","","","","","","","","","","","","","","","","","","","","","","","","","","","","","","","","","","","","","","","","","","","","","","",
"Poland","POL","Electricity production from nuclear sources (% of total)","EG.ELC.NUCL.ZS","0","0","0","0","0","0","0","0","0","0","0","0","0","0","0","0","0","0","0","0","0","0","0","0","0","0","0","0","0","0","0","0","0","0","0","0","0","0","0","0","0","0","0","0","0","0","0","0","0","0","0","0","0","0","0","0","","","","","","","",
"Pre-demographic dividend","PRE","Electricity production from nuclear sources (% of total)","EG.ELC.NUCL.ZS","","","","","","","","","","","","0","0","0","0","0","0","0","0","0","0","0","0","0","0","0","0","0","0","0","0","0","0","0","0","0","0","0","0","0","0","0","0","0","0","0","0","0","0","0","0","0","0","0","0","","","","","","","","",
"Puerto Rico","PRI","Electricity production from nuclear sources (% of total)","EG.ELC.NUCL.ZS","","","","","","","","","","","","","","","","","","","","","","","","","","","","","","","","","","","","","","","","","","","","","","","","","","","","","","","","","","","","","","","",
"Korea, Dem. People's Rep.","PRK","Electricity production from nuclear sources (% of total)","EG.ELC.NUCL.ZS","","","","","","","","","","","","0","0","0","0","0","0","0","0","0","0","0","0","0","0","0","0","0","0","0","0","0","0","0","0","0","0","0","0","0","0","0","0","0","0","0","0","0","0","0","0","0","0","0","0","","","","","","","","",
"Portugal","PRT","Electricity production from nuclear sources (% of total)","EG.ELC.NUCL.ZS","0","0","0","0","0","0","0","0","0","0","0","0","0","0","0","0","0","0","0","0","0","0","0","0","0","0","0","0","0","0","0","0","0","0","0","0","0","0","0","0","0","0","0","0","0","0","0","0","0","0","0","0","0","0","0","0","","","","","","","",
"Paraguay","PRY","Electricity production from nuclear sources (% of total)","EG.ELC.NUCL.ZS","","","","","","","","","","","","0","0","0","0","0","0","0","0","0","0","0","0","0","0","0","0","0","0","0","0","0","0","0","0","0","0","0","0","0","0","0","0","0","0","0","0","0","0","0","0","0","0","0","0","","","","","","","","",
"West Bank and Gaza","PSE","Electricity production from nuclear sources (% of total)","EG.ELC.NUCL.ZS","","","","","","","","","","","","","","","","","","","","","","","","","","","","","","","","","","","","","","","","","","","","","","","","","","","","","","","","","","","","","","","",
"Pacific island small states","PSS","Electricity production from nuclear sources (% of total)","EG.ELC.NUCL.ZS","","","","","","","","","","","","","","","","","","","","","","","","","","","","","","","","","","","","","","","","","","","","","","","","","","","","","","","","","","","","","","","",
"Post-demographic dividend","PST","Electricity production from nuclear sources (% of total)","EG.ELC.NUCL.ZS","0.166273407144804","0.250191134681321","0.335190588025589","0.498614763247732","0.645592585099353","0.951398528022076","1.2088637092499","1.36097703238484","1.5824741157022","1.72740225562506","1.97009377783576","2.63587622256918","3.33279595725573","4.1113782348113","5.25128054774386","7.17655957613774","7.75553140534987","9.27433597010763","10.3685118893333","10.2319816718069","10.7872838251099","12.57116886043","13.6171806369343","14.810454369711","16.888034614672","19.3868747676316","20.8372692557142","21.5491222781635","22.4548130009471","21.9387485960118","23.490002940913","24.1689325159374","24.3800194865536","24.7759083934762","24.9527751125588","25.253230635242","25.4027720258315","24.7590209572063","24.8089489818403","25.0040694244706","24.5075002631917","25.1594797874759","24.5027245990515","23.7648984800575","24.2173282358892","23.9216286807257","23.8944113366234","22.7392675273846","22.7411272220194","23.2199430050436","22.6579983436457","20.9188788186896","19.6859402732851","19.6524125719614","19.9932862763525","18.9212530934905","","","","","","","",
"French Polynesia","PYF","Electricity production from nuclear sources (% of total)","EG.ELC.NUCL.ZS","","","","","","","","","","","","","","","","","","","","","","","","","","","","","","","","","","","","","","","","","","","","","","","","","","","","","","","","","","","","","","","",
"Qatar","QAT","Electricity production from nuclear sources (% of total)","EG.ELC.NUCL.ZS","","","","","","","","","","","","0","0","0","0","0","0","0","0","0","0","0","0","0","0","0","0","0","0","0","0","0","0","0","0","0","0","0","0","0","0","0","0","0","0","0","0","0","0","0","0","0","0","0","0","","","","","","","","",
"Romania","ROU","Electricity production from nuclear sources (% of total)","EG.ELC.NUCL.ZS","","","","","","","","","","","","0","0","0","0","0","0","0","0","0","0","0","0","0","0","0","0","0","0","0","0","0","0","0","0","0","2.25916870415648","9.44914957653811","9.92036787797218","10.2504436994676","10.5056417761004","10.1102736420005","10.0721658901982","8.89735219441422","9.81964282553674","9.34980559810143","8.98288594350607","12.4997973181133","17.2824681322742","20.3529554389429","19.1738563816625","18.9470797916095","19.5086262633137","19.8476151428181","17.907426152572","","","","","","","","",
"Russian Federation","RUS","Electricity production from nuclear sources (% of total)","EG.ELC.NUCL.ZS","","","","","","","","","","","","","","","","","","","","","","","","","","","","","","","10.9323828815176","11.2327425683159","11.8623630323764","12.4710422286445","11.1809491805171","11.5866108825577","12.8847058378616","13.0222498541721","12.7476884829016","14.4170382103444","14.9138359871667","15.397494526797","15.9256818754273","16.4428957660708","15.5614820868798","15.7119892678301","15.7401659179064","15.7922989858881","15.7049433231481","16.5228853233944","16.4474827142907","16.4236311266561","16.6026224314116","16.3114404556023","17.0150979024468","","","","","","","","",
"Rwanda","RWA","Electricity production from nuclear sources (% of total)","EG.ELC.NUCL.ZS","","","","","","","","","","","","","","","","","","","","","","","","","","","","","","","","","","","","","","","","","","","","","","","","","","","","","","","","","","","","","","","",
"South Asia","SAS","Electricity production from nuclear sources (% of total)","EG.ELC.NUCL.ZS","","","","","","","","","","","","1.68673385994547","1.52704870269067","3.19405134027084","2.982690075271","3.24077790025538","3.50716685780419","2.35624799912909","2.35337096168674","2.25302868178123","2.12995503082193","2.05004247077071","1.32664634053895","2.10499930943441","2.17417056937541","2.43696951612432","2.27279975641131","2.11344872925109","2.09236549286848","1.45371185851845","1.86213567049502","1.56945234421321","1.81239606678306","1.37163592951021","1.32722399608876","1.68526690623533","1.7955287299818","1.87277423516862","2.05224091276989","2.13293291614286","2.82611984028391","3.13916930546116","2.93033900401764","2.54155322234342","2.43663500601298","2.31430802838976","2.28561290166806","2.06035666379199","1.66001810668841","2.00586800653357","2.60482090338697","3.0260223120263","2.88780188435297","2.85523754577639","2.7697649262888","","","","","","","","",
"Saudi Arabia","SAU","Electricity production from nuclear sources (% of total)","EG.ELC.NUCL.ZS","","","","","","","","","","","","0","0","0","0","0","0","0","0","0","0","0","0","0","0","0","0","0","0","0","0","0","0","0","0","0","0","0","0","0","0","0","0","0","0","0","0","0","0","0","0","0","0","0","0","","","","","","","","",
"Sudan","SDN","Electricity production from nuclear sources (% of total)","EG.ELC.NUCL.ZS","","","","","","","","","","","","0","0","0","0","0","0","0","0","0","0","0","0","0","0","0","0","0","0","0","0","0","0","0","0","0","0","0","0","0","0","0","0","0","0","0","0","0","0","0","0","0","0","0","0","","","","","","","","",
"Senegal","SEN","Electricity production from nuclear sources (% of total)","EG.ELC.NUCL.ZS","","","","","","","","","","","","0","0","0","0","0","0","0","0","0","0","0","0","0","0","0","0","0","0","0","0","0","0","0","0","0","0","0","0","0","0","0","0","0","0","0","0","0","0","0","0","0","0","0","0","","","","","","","","",
"Singapore","SGP","Electricity production from nuclear sources (% of total)","EG.ELC.NUCL.ZS","","","","","","","","","","","","0","0","0","0","0","0","0","0","0","0","0","0","0","0","0","0","0","0","0","0","0","0","0","0","0","0","0","0","0","0","0","0","0","0","0","0","0","0","0","0","0","0","0","0","","","","","","","","",
"Solomon Islands","SLB","Electricity production from nuclear sources (% of total)","EG.ELC.NUCL.ZS","","","","","","","","","","","","","","","","","","","","","","","","","","","","","","","","","","","","","","","","","","","","","","","","","","","","","","","","","","","","","","","",
"Sierra Leone","SLE","Electricity production from nuclear sources (% of total)","EG.ELC.NUCL.ZS","","","","","","","","","","","","","","","","","","","","","","","","","","","","","","","","","","","","","","","","","","","","","","","","","","","","","","","","","","","","","","","",
"El Salvador","SLV","Electricity production from nuclear sources (% of total)","EG.ELC.NUCL.ZS","","","","","","","","","","","","0","0","0","0","0","0","0","0","0","0","0","0","0","0","0","0","0","0","0","0","0","0","0","0","0","0","0","0","0","0","0","0","0","0","0","0","0","0","0","0","0","0","0","0","","","","","","","","",
"San Marino","SMR","Electricity production from nuclear sources (% of total)","EG.ELC.NUCL.ZS","","","","","","","","","","","","","","","","","","","","","","","","","","","","","","","","","","","","","","","","","","","","","","","","","","","","","","","","","","","","","","","",
"Somalia","SOM","Electricity production from nuclear sources (% of total)","EG.ELC.NUCL.ZS","","","","","","","","","","","","","","","","","","","","","","","","","","","","","","","","","","","","","","","","","","","","","","","","","","","","","","","","","","","","","","","",
"Serbia","SRB","Electricity production from nuclear sources (% of total)","EG.ELC.NUCL.ZS","","","","","","","","","","","","","","","","","","","","","","","","","","","","","","","0","0","0","0","0","0","0","0","0","0","0","0","0","0","0","0","0","0","0","0","0","0","0","0","0","","","","","","","","",
"South Sudan","SSD","Electricity production from nuclear sources (% of total)","EG.ELC.NUCL.ZS","","","","","","","","","","","","","","","","","","","","","","","","","","","","","","","","","","","","","","","","","","","","","","","","","","","","","0","0","0","","","","","","","","",
"Sub-Saharan Africa","SSF","Electricity production from nuclear sources (% of total)","EG.ELC.NUCL.ZS","","","","","","","","","","","","0","0","0","0","0","0","0","0","0","0","0","0","0","1.99597200903649","2.54175108694652","4.04198904978502","2.75215443070949","4.4797897704834","4.56754230697911","3.38139785035492","3.60832522330816","3.68083148995309","2.78633107177899","3.61087427072574","4.06844527379253","4.0074923913626","4.15061973308297","4.49242909522113","4.1916350808824","4.09280332874506","3.29262444244623","3.45972113146792","3.54258227407047","3.52829994813924","2.93097172436861","2.50164892282334","2.7387111385062","3.18209996484846","3.17421604234301","2.81755057678177","3.06346033640616","2.70449197235379","3.12958715810213","2.98787775955456","","","","","","","","",
"Small states","SST","Electricity production from nuclear sources (% of total)","EG.ELC.NUCL.ZS","","","","","","","","","","","","0","0","0","0","0","0","0","0","0","0","0","0","0","0","0","0","0","0","0","0","0","0","0","0","0","0","0","0","0","0","0","0","0","0","0","0","0","0","0","0","0","0","0","0","0","","","","","","","",
"Sao Tome and Principe","STP","Electricity production from nuclear sources (% of total)","EG.ELC.NUCL.ZS","","","","","","","","","","","","","","","","","","","","","","","","","","","","","","","","","","","","","","","","","","","","","","","","","","","","","","","","","","","","","","","",
"Suriname","SUR","Electricity production from nuclear sources (% of total)","EG.ELC.NUCL.ZS","","","","","","","","","","","","","","","","","","","","","","","","","","","","","","","","","","","","","","","","","0","0","0","0","0","0","0","0","0","0","0","0","0","0","0","","","","","","","","",
"Slovak Republic","SVK","Electricity production from nuclear sources (% of total)","EG.ELC.NUCL.ZS","","","","","","","","","","","","0","0.0253742704897234","1.88633222213188","3.77153499922396","1.39875832149001","3.0447062065165","0.744757300581433","0.123120787973043","12.7471353084367","22.6523764210948","26.0492260847501","29.5696202531646","31.9779534109817","36.2911716047526","42.7523353839143","49.3741834885583","49.7924055012542","51.0136937577805","51.9529914529914","47.2055535945405","48.1802069164503","47.5637052341598","47.7707536183663","49.4736428627543","43.276070833964","44.1934470024358","44.1982996048377","44.279496346961","46.6714107809998","53.555425676992","53.6884731290809","55.7338879920527","57.6518427677015","55.8962573867367","56.5418474100536","57.6365556302198","54.9763373010182","58.07719054242","54.3269416258343","53.0658316341392","54.4789309954751","54.6985314882801","55.1308129339973","57.0907617504052","56.8714328627215","","","","","","","",
"Slovenia","SVN","Electricity production from nuclear sources (% of total)","EG.ELC.NUCL.ZS","","","","","","","","","","","","","","","","","","","","","","","","","","","","","","","37.1423979427837","38.857501569366","32.1694750486066","33.1156872593337","35.742535866615","37.0092155192442","35.5901049245615","38.091985428051","36.7278554778555","35.4094405067109","34.9456840869055","36.3403843495092","37.8682011234416","37.6772793053546","35.7474952524393","38.9230667460475","36.7052596758187","37.8581399986705","38.2523324592963","34.9875022861672","34.8015995078437","39.0512095507383","35.5544121430409","33.5252071604782","37.1147235331818","38.118377539313","","","","","","","",
"Sweden","SWE","Electricity production from nuclear sources (% of total)","EG.ELC.NUCL.ZS","0","0","0","0","0","0.0366673456915869","0.0888906447534766","0.0928988146111256","0.0409179861234656","0.105060108160243","0.0924153409465971","0.135269185679502","2.04457594238901","2.70433000256213","2.73465583810411","14.8587247988877","18.5121307528475","22.1282601206814","25.60290254511","22.1309406096817","27.5011420740064","36.6363300468662","39.2364739930863","37.6636140682839","41.3132362007983","42.8895773368781","50.6582949508995","46.1613815875104","47.6678957161788","45.9031878865907","46.7071733888645","52.2290263319045","43.5423747396119","42.2693756153311","51.2655921513665","47.1600142960221","52.8163155012906","46.8667479860059","46.339528058895","47.2674666425554","39.4654033918378","44.6232866115907","46.4287661895024","49.7972359080803","51.0875370039493","45.7026489438954","46.743575785492","44.9990928821486","42.622786769317","38.1928786858364","38.9519062373703","40.2485125188015","38.4754500228316","43.4271487476394","42.2502832879638","34.7364000716355","","","","","","","",
"Eswatini","SWZ","Electricity production from nuclear sources (% of total)","EG.ELC.NUCL.ZS","","","","","","","","","","","","","","","","","","","","","","","","","","","","","","","","","","","","","","","","","","","","","","","","","","","","","","","","","","","","","","","",
"Sint Maarten (Dutch part)","SXM","Electricity production from nuclear sources (% of total)","EG.ELC.NUCL.ZS","","","","","","","","","","","","","","","","","","","","","","","","","","","","","","","","","","","","","","","","","","","","","","","","","","","","","","","","","","","","","","","",
"Seychelles","SYC","Electricity production from nuclear sources (% of total)","EG.ELC.NUCL.ZS","","","","","","","","","","","","","","","","","","","","","","","","","","","","","","","","","","","","","","","","","","","","","","","","","","","","","","","","","","","","","","","",
"Syrian Arab Republic","SYR","Electricity production from nuclear sources (% of total)","EG.ELC.NUCL.ZS","","","","","","","","","","","","0","0","0","0","0","0","0","0","0","0","0","0","0","0","0","0","0","0","0","0","0","0","0","0","0","0","0","0","0","0","0","0","0","0","0","0","0","0","0","0","0","0","0","0","","","","","","","","",
"Turks and Caicos Islands","TCA","Electricity production from nuclear sources (% of total)","EG.ELC.NUCL.ZS","","","","","","","","","","","","","","","","","","","","","","","","","","","","","","","","","","","","","","","","","","","","","","","","","","","","","","","","","","","","","","","",
"Chad","TCD","Electricity production from nuclear sources (% of total)","EG.ELC.NUCL.ZS","","","","","","","","","","","","","","","","","","","","","","","","","","","","","","","","","","","","","","","","","","","","","","","","","","","","","","","","","","","","","","","",
"Togo","TGO","Electricity production from nuclear sources (% of total)","EG.ELC.NUCL.ZS","","","","","","","","","","","","0","0","0","0","0","0","0","0","0","0","0","0","0","0","0","0","0","0","0","0","0","0","0","0","0","0","0","0","0","0","0","0","0","0","0","0","0","0","0","0","0","0","0","0","","","","","","","","",
"Thailand","THA","Electricity production from nuclear sources (% of total)","EG.ELC.NUCL.ZS","","","","","","","","","","","","0","0","0","0","0","0","0","0","0","0","0","0","0","0","0","0","0","0","0","0","0","0","0","0","0","0","0","0","0","0","0","0","0","0","0","0","0","0","0","0","0","0","0","0","","","","","","","","",
"Tajikistan","TJK","Electricity production from nuclear sources (% of total)","EG.ELC.NUCL.ZS","","","","","","","","","","","","","","","","","","","","","","","","","","","","","","","0","0","0","0","0","0","0","0","0","0","0","0","0","0","0","0","0","0","0","0","0","0","0","0","0","","","","","","","","",
"Turkmenistan","TKM","Electricity production from nuclear sources (% of total)","EG.ELC.NUCL.ZS","","","","","","","","","","","","","","","","","","","","","","","","","","","","","","","0","0","0","0","0","0","0","0","0","0","0","0","0","0","0","0","0","0","0","0","0","0","0","0","0","","","","","","","","",
"Timor-Leste","TLS","Electricity production from nuclear sources (% of total)","EG.ELC.NUCL.ZS","","","","","","","","","","","","","","","","","","","","","","","","","","","","","","","","","","","","","","","","","","","","","","","","","","","","","","","","","","","","","","","",
"Middle East & North Africa (IDA & IBRD countries)","TMN","Electricity production from nuclear sources (% of total)","EG.ELC.NUCL.ZS","","","","","","","","","","","","0","0","0","0","0","0","0","0","0","0","0","0","0","0","0","0","0","0","0","0","0","0","0","0","0","0","0","0","0","0","0","0","0","0","0","0","0","0","0","0","0.050285208438624","0.272927502095722","0.647378532151058","0.609820431937801","","","","","","","","",
"Tonga","TON","Electricity production from nuclear sources (% of total)","EG.ELC.NUCL.ZS","","","","","","","","","","","","","","","","","","","","","","","","","","","","","","","","","","","","","","","","","","","","","","","","","","","","","","","","","","","","","","","",
"Trinidad and Tobago","TTO","Electricity production from nuclear sources (% of total)","EG.ELC.NUCL.ZS","","","","","","","","","","","","0","0","0","0","0","0","0","0","0","0","0","0","0","0","0","0","0","0","0","0","0","0","0","0","0","0","0","0","0","0","0","0","0","0","0","0","0","0","0","0","0","0","0","0","","","","","","","","",
"Tunisia","TUN","Electricity production from nuclear sources (% of total)","EG.ELC.NUCL.ZS","","","","","","","","","","","","0","0","0","0","0","0","0","0","0","0","0","0","0","0","0","0","0","0","0","0","0","0","0","0","0","0","0","0","0","0","0","0","0","0","0","0","0","0","0","0","0","0","0","0","","","","","","","","",
"Turkiye","TUR","Electricity production from nuclear sources (% of total)","EG.ELC.NUCL.ZS","0","0","0","0","0","0","0","0","0","0","0","0","0","0","0","0","0","0","0","0","0","0","0","0","0","0","0","0","0","0","0","0","0","0","0","0","0","0","0","0","0","0","0","0","0","0","0","0","0","0","0","0","0","0","0","0","","","","","","","",
"Tuvalu","TUV","Electricity production from nuclear sources (% of total)","EG.ELC.NUCL.ZS","","","","","","","","","","","","","","","","","","","","","","","","","","","","","","","","","","","","","","","","","","","","","","","","","","","","","","","","","","","","","","","",
"Tanzania","TZA","Electricity production from nuclear sources (% of total)","EG.ELC.NUCL.ZS","","","","","","","","","","","","0","0","0","0","0","0","0","0","0","0","0","0","0","0","0","0","0","0","0","0","0","0","0","0","0","0","0","0","0","0","0","0","0","0","0","0","0","0","0","0","0","0","0","0","","","","","","","","",
"Uganda","UGA","Electricity production from nuclear sources (% of total)","EG.ELC.NUCL.ZS","","","","","","","","","","","","","","","","","","","","","","","","","","","","","","","","","","","","","","","","","","","","","","","","","","","","","","","","","","","","","","","",
"Ukraine","UKR","Electricity production from nuclear sources (% of total)","EG.ELC.NUCL.ZS","","","","","","","","","","","","","","","","","","","","","","","","","","","","","","","25.5098350445038","26.9802166863578","29.2291046580294","32.7559336200742","33.963287998303","36.3856341676083","43.5358481275816","44.6689460483844","43.5799265549158","41.9119015493416","45.1576175490019","44.0785171553735","44.932362362593","45.1733552339519","47.8064055375488","47.7406098551473","46.6923351601435","47.154918955827","46.6498083972874","47.7620536922802","47.2133370051052","46.2933705398363","45.4404299188861","42.9563358904732","48.5720566011815","","","","","","","","",
"Uruguay","URY","Electricity production from nuclear sources (% of total)","EG.ELC.NUCL.ZS","","","","","","","","","","","","0","0","0","0","0","0","0","0","0","0","0","0","0","0","0","0","0","0","0","0","0","0","0","0","0","0","0","0","0","0","0","0","0","0","0","0","0","0","0","0","0","0","0","0","","","","","","","","",
"United States","USA","Electricity production from nuclear sources (% of total)","EG.ELC.NUCL.ZS","0.0692777977163337","0.215179689322422","0.268683990460557","0.353732927008749","0.343260630424641","0.349964001913936","0.487348894616474","0.594980561581967","0.952330207445297","0.975677779516332","1.43630329868199","2.38067841585553","3.12315482232543","4.53658568849087","6.19469840369686","9.12468426181905","9.47493331250348","11.9122723245361","12.6481474606314","11.4619757143287","10.9661272514543","11.8601211970009","12.6119071712737","12.7110214614706","13.5514148151241","15.5119379662836","16.625980594941","17.7605001054399","19.5445343350448","17.9407113942132","19.0953702261106","19.9514883759513","20.056582941891","19.0766087182148","19.6684077721093","20.0598925239449","19.5881732362997","18.1460533410308","18.7704888731882","19.9247064387534","19.8147239675252","20.6470146771244","19.9811047042283","19.4299925838217","19.607601589169","18.9915076224786","19.0922315755445","19.3489927530953","19.2909937416244","19.9311229787331","19.2664460909667","18.9848461910931","18.7579199060429","19.1738311600765","19.2302385002996","19.3237776259423","","","","","","","",
"Uzbekistan","UZB","Electricity production from nuclear sources (% of total)","EG.ELC.NUCL.ZS","","","","","","","","","","","","","","","","","","","","","","","","","","","","","","","0","0","0","0","0","0","0","0","0","0","0","0","0","0","0","0","0","0","0","0","0","0","0","0","0","","","","","","","","",
"St. Vincent and the Grenadines","VCT","Electricity production from nuclear sources (% of total)","EG.ELC.NUCL.ZS","","","","","","","","","","","","","","","","","","","","","","","","","","","","","","","","","","","","","","","","","","","","","","","","","","","","","","","","","","","","","","","",
"Venezuela, RB","VEN","Electricity production from nuclear sources (% of total)","EG.ELC.NUCL.ZS","","","","","","","","","","","","0","0","0","0","0","0","0","0","0","0","0","0","0","0","0","0","0","0","0","0","0","0","0","0","0","0","0","0","0","0","0","0","0","0","0","0","0","0","0","0","0","0","0","0","","","","","","","","",
"British Virgin Islands","VGB","Electricity production from nuclear sources (% of total)","EG.ELC.NUCL.ZS","","","","","","","","","","","","","","","","","","","","","","","","","","","","","","","","","","","","","","","","","","","","","","","","","","","","","","","","","","","","","","","",
"Virgin Islands (U.S.)","VIR","Electricity production from nuclear sources (% of total)","EG.ELC.NUCL.ZS","","","","","","","","","","","","","","","","","","","","","","","","","","","","","","","","","","","","","","","","","","","","","","","","","","","","","","","","","","","","","","","",
"Viet Nam","VNM","Electricity production from nuclear sources (% of total)","EG.ELC.NUCL.ZS","","","","","","","","","","","","0","0","0","0","0","0","0","0","0","0","0","0","0","0","0","0","0","0","0","0","0","0","0","0","0","0","0","0","0","0","0","0","0","0","0","0","0","0","0","0","0","0","0","0","","","","","","","","",
"Vanuatu","VUT","Electricity production from nuclear sources (% of total)","EG.ELC.NUCL.ZS","","","","","","","","","","","","","","","","","","","","","","","","","","","","","","","","","","","","","","","","","","","","","","","","","","","","","","","","","","","","","","","",
"Samoa","WSM","Electricity production from nuclear sources (% of total)","EG.ELC.NUCL.ZS","","","","","","","","","","","","","","","","","","","","","","","","","","","","","","","","","","","","","","","","","","","","","","","","","","","","","","","","","","","","","","","",
"Kosovo","XKX","Electricity production from nuclear sources (% of total)","EG.ELC.NUCL.ZS","","","","","","","","","","","","","","","","","","","","","","","","","","","","","","","","","","","","","","","","","0","0","0","0","0","0","0","0","0","0","0","0","0","0","0","","","","","","","","",
"Yemen, Rep.","YEM","Electricity production from nuclear sources (% of total)","EG.ELC.NUCL.ZS","","","","","","","","","","","","0","0","0","0","0","0","0","0","0","0","0","0","0","0","0","0","0","0","0","0","0","0","0","0","0","0","0","0","0","0","0","0","0","0","0","0","0","0","0","0","0","0","0","0","","","","","","","","",
"South Africa","ZAF","Electricity production from nuclear sources (% of total)","EG.ELC.NUCL.ZS","","","","","","","","","","","","0","0","0","0","0","0","0","0","0","0","0","0","0","2.90181871950318","3.75926554631359","6.01067897525537","4.09498071036328","6.69461138970767","6.83772794480039","5.10868579375397","5.49149610838858","5.5697811786012","4.18490894722573","5.38204947467157","6.09609399021475","5.90237398243574","6.08748808687197","6.7015185707106","6.40498548063586","6.25971314058613","5.14908273407214","5.48626489266302","5.4759392513665","5.54725438924169","4.66546859184896","3.99679491012593","4.34433781190019","5.08924972311257","5.18850150922756","4.71423895763848","5.20155946620643","4.68944306488881","5.5712660747575","5.52929999879746","","","","","","","","",
"Zambia","ZMB","Electricity production from nuclear sources (% of total)","EG.ELC.NUCL.ZS","","","","","","","","","","","","0","0","0","0","0","0","0","0","0","0","0","0","0","0","0","0","0","0","0","0","0","0","0","0","0","0","0","0","0","0","0","0","0","0","0","0","0","0","0","0","0","0","0","0","","","","","","","","",
"Zimbabwe","ZWE","Electricity production from nuclear sources (% of total)","EG.ELC.NUCL.ZS","","","","","","","","","","","","0","0","0","0","0","0","0","0","0","0","0","0","0","0","0","0","0","0","0","0","0","0","0","0","0","0","0","0","0","0","0","0","0","0","0","0","0","0","0","0","0","0","0","0","","","","","","","","",
